{"cameraMode":{"drawMode":0,"name":"Shaded","section":"Shading Mode"},"sceneLighting":true,"audioPlay":false,"sceneViewState":{"showFog":true,"showMaterialUpdate":false,"showSkybox":true,"showFlares":true,"showImageEffects":true,"showParticleSystems":true},"in2DMode":false,"pivot":{"x":-4.257656097412109,"y":15.979520797729493,"z":2.8751049041748049},"rotation":{"x":0.1807425618171692,"y":-0.25746631622314455,"z":0.04908985272049904,"w":0.9479700922966003},"size":25.075559616088868,"orthographic":false}